sequence,key,phi,psi,omega,e2e,rgyr
ser,52f478f3-e291-4746-8710-c96f2af8a6d2,-91.01461791992188,-40.627235412597656,-170.30044555664062,4.552145004272461,6.735005910344831
ser,52f478f3-e291-4746-8710-c96f2af8a6d2,-86.76525115966797,-39.86480712890625,-168.5366668701172,4.427000045776367,6.908736676516533
ser,52f478f3-e291-4746-8710-c96f2af8a6d2,-55.842498779296875,-45.506717681884766,-172.51373291015625,4.272656440734863,6.776313464278779
ser,52f478f3-e291-4746-8710-c96f2af8a6d2,-106.02815246582031,-52.35106658935547,152.87062072753906,4.758137226104736,6.847725070549118
ser,52f478f3-e291-4746-8710-c96f2af8a6d2,-58.3697624206543,-58.308528900146484,178.7647705078125,4.799500465393066,7.031430953868097
ser,52f478f3-e291-4746-8710-c96f2af8a6d2,-69.17340087890625,-59.958335876464844,168.87643432617188,4.5805840492248535,7.167330998274191
ser,52f478f3-e291-4746-8710-c96f2af8a6d2,-74.10395050048828,-48.198829650878906,179.64100646972656,4.806914329528809,7.025159287754928
ser,52f478f3-e291-4746-8710-c96f2af8a6d2,-94.22418975830078,-26.80561637878418,163.21246337890625,4.426100254058838,7.009451720639666
ser,52f478f3-e291-4746-8710-c96f2af8a6d2,-55.215877532958984,-62.804500579833984,179.09616088867188,4.8208746910095215,7.088527058414364
ser,52f478f3-e291-4746-8710-c96f2af8a6d2,-87.2507553100586,-65.12357330322266,169.70912170410156,4.840787887573242,7.1297415376035085
ser,52f478f3-e291-4746-8710-c96f2af8a6d2,-73.0448226928711,-48.856998443603516,166.07302856445312,4.762881755828857,7.025242158197118
ser,52f478f3-e291-4746-8710-c96f2af8a6d2,-61.67921447753906,-69.28368377685547,176.521240234375,4.88872766494751,5.953268140692806
ser,52f478f3-e291-4746-8710-c96f2af8a6d2,-84.29793548583984,-73.66195678710938,-166.43490600585938,4.946575164794922,5.974355817483106
ser,52f478f3-e291-4746-8710-c96f2af8a6d2,-50.0497932434082,-62.946773529052734,167.65379333496094,4.411243438720703,7.208941614774554
ser,52f478f3-e291-4746-8710-c96f2af8a6d2,-34.93682861328125,-65.90888214111328,174.37982177734375,4.785254955291748,5.981006588355
ser,52f478f3-e291-4746-8710-c96f2af8a6d2,-70.49757385253906,-70.78687286376953,178.49578857421875,4.669349193572998,5.786563225684461
ser,52f478f3-e291-4746-8710-c96f2af8a6d2,-72.0455093383789,-42.8716926574707,-171.1029815673828,4.330386638641357,5.524264928912054
ser,52f478f3-e291-4746-8710-c96f2af8a6d2,-73.38250732421875,-42.214256286621094,-174.16806030273438,4.3903350830078125,5.265614077468128
ser,52f478f3-e291-4746-8710-c96f2af8a6d2,-90.38655853271484,-21.089298248291016,176.40553283691406,4.241234302520752,5.14205756393638
ser,52f478f3-e291-4746-8710-c96f2af8a6d2,-72.80525970458984,-37.02870559692383,178.10601806640625,4.469769477844238,5.333416033372613
ser,52f478f3-e291-4746-8710-c96f2af8a6d2,-86.57819366455078,-56.37704086303711,168.48695373535156,4.871740818023682,5.530588308558324
ser,52f478f3-e291-4746-8710-c96f2af8a6d2,-71.75848388671875,-48.79964828491211,143.2876434326172,4.467371463775635,5.471181851127503
ser,52f478f3-e291-4746-8710-c96f2af8a6d2,-88.08981323242188,-78.5407943725586,176.2034912109375,5.335206031799316,5.52178694669901
ser,52f478f3-e291-4746-8710-c96f2af8a6d2,-90.49505615234375,-84.81631469726562,163.2776336669922,5.216132640838623,5.594097472555508
ser,52f478f3-e291-4746-8710-c96f2af8a6d2,-60.980613708496094,-111.6983413696289,-175.5560302734375,5.426978588104248,5.5125433600221045
ser,52f478f3-e291-4746-8710-c96f2af8a6d2,-83.94544219970703,-48.774818420410156,-166.75685119628906,4.258932113647461,5.338244060263178
ser,52f478f3-e291-4746-8710-c96f2af8a6d2,-89.13727569580078,-44.04897689819336,-161.4429473876953,4.927587509155273,5.414793056909807
ser,52f478f3-e291-4746-8710-c96f2af8a6d2,-64.07261657714844,-54.695804595947266,175.13063049316406,4.498047351837158,5.5873161793781945
ser,52f478f3-e291-4746-8710-c96f2af8a6d2,-62.454994201660156,-61.824432373046875,172.13185119628906,4.685720920562744,5.429057750903949
ser,52f478f3-e291-4746-8710-c96f2af8a6d2,-78.94705200195312,-47.7621955871582,-176.16033935546875,4.671040058135986,5.414511684940589
ser,52f478f3-e291-4746-8710-c96f2af8a6d2,-91.71062469482422,-57.826229095458984,168.06065368652344,4.873452186584473,5.76616852699179
ser,52f478f3-e291-4746-8710-c96f2af8a6d2,-87.20999145507812,-41.70703887939453,177.08914184570312,4.526706218719482,5.739483558490178
ser,52f478f3-e291-4746-8710-c96f2af8a6d2,-109.46723175048828,-34.355377197265625,167.5292510986328,4.604111671447754,5.801592895982028
ser,52f478f3-e291-4746-8710-c96f2af8a6d2,-86.43745422363281,-23.425081253051758,-177.1265106201172,4.44314432144165,5.843362535681614
ser,52f478f3-e291-4746-8710-c96f2af8a6d2,-88.65631103515625,-44.72453308105469,169.36505126953125,4.736734390258789,5.959219825739808
ser,52f478f3-e291-4746-8710-c96f2af8a6d2,-82.0999755859375,-37.29130554199219,164.65115356445312,4.390964031219482,5.542613307334314
ser,52f478f3-e291-4746-8710-c96f2af8a6d2,-109.7974624633789,-42.89139938354492,-178.83920288085938,4.8613386154174805,5.655193860904953
ser,52f478f3-e291-4746-8710-c96f2af8a6d2,-155.2995147705078,-67.75373077392578,170.54490661621094,4.85564661026001,6.245971320269073
ser,52f478f3-e291-4746-8710-c96f2af8a6d2,-159.89508056640625,-41.07510757446289,177.3811798095703,5.058587074279785,5.982728994171332
ser,52f478f3-e291-4746-8710-c96f2af8a6d2,-123.71113586425781,-50.064510345458984,-179.5554656982422,4.970250129699707,6.265338937276125
ser,52f478f3-e291-4746-8710-c96f2af8a6d2,-121.87626647949219,-31.689443588256836,160.66128540039062,4.872383117675781,5.999314097789037
ser,52f478f3-e291-4746-8710-c96f2af8a6d2,-87.88921356201172,-23.194467544555664,158.29493713378906,4.37921142578125,5.552340845394084
ser,52f478f3-e291-4746-8710-c96f2af8a6d2,-78.33026123046875,-42.436702728271484,175.48843383789062,4.644728183746338,5.549811105031634
ser,52f478f3-e291-4746-8710-c96f2af8a6d2,-70.46646881103516,-55.310787200927734,-174.24159240722656,4.660702228546143,5.785280316185115
ser,52f478f3-e291-4746-8710-c96f2af8a6d2,-62.57188415527344,-47.138450622558594,-174.1143341064453,4.651447772979736,5.754744495608435
ser,52f478f3-e291-4746-8710-c96f2af8a6d2,-69.01541900634766,-37.64434051513672,-177.9885711669922,4.277390480041504,5.733564176785755
ser,52f478f3-e291-4746-8710-c96f2af8a6d2,-105.03579711914062,-63.02083206176758,-177.53445434570312,5.101785182952881,5.9128370307157025
ser,52f478f3-e291-4746-8710-c96f2af8a6d2,-116.34647369384766,-59.717796325683594,-176.11585998535156,4.8712687492370605,5.844460786613939
ser,52f478f3-e291-4746-8710-c96f2af8a6d2,-85.53644561767578,-82.28341674804688,178.74932861328125,5.183701515197754,5.987851486315896
ser,52f478f3-e291-4746-8710-c96f2af8a6d2,-93.38646697998047,-74.75824737548828,-175.55682373046875,4.974642276763916,6.134544708823572
ser,52f478f3-e291-4746-8710-c96f2af8a6d2,-83.64319610595703,-54.708473205566406,166.27548217773438,4.74223518371582,6.069699905977048
ser,52f478f3-e291-4746-8710-c96f2af8a6d2,-97.41583251953125,-67.02336883544922,177.1570587158203,5.0540361404418945,6.164643820996766
ser,52f478f3-e291-4746-8710-c96f2af8a6d2,-78.92486572265625,-66.82146453857422,179.25299072265625,4.91118049621582,6.19640368336922
ser,52f478f3-e291-4746-8710-c96f2af8a6d2,-84.31694793701172,-59.778133392333984,176.36831665039062,4.967926502227783,6.229964694313912
ser,52f478f3-e291-4746-8710-c96f2af8a6d2,-57.31665802001953,-75.91175842285156,-178.4649658203125,4.897204399108887,6.190251518895456
ser,52f478f3-e291-4746-8710-c96f2af8a6d2,-87.11492919921875,-56.4773063659668,-176.8834686279297,4.863977909088135,6.238914823956883
ser,52f478f3-e291-4746-8710-c96f2af8a6d2,-105.31297302246094,-49.426204681396484,168.7140350341797,4.67474365234375,6.136133731387473
ser,52f478f3-e291-4746-8710-c96f2af8a6d2,-98.94566345214844,-69.70479583740234,-176.78370666503906,5.330432891845703,6.26371841795839
ser,52f478f3-e291-4746-8710-c96f2af8a6d2,-94.25186920166016,-116.63921356201172,166.24183654785156,5.672208786010742,6.2248315731216355
ser,52f478f3-e291-4746-8710-c96f2af8a6d2,-95.59611511230469,-55.78700637817383,-167.326904296875,4.742565155029297,6.2945948850682525
ser,52f478f3-e291-4746-8710-c96f2af8a6d2,-68.15238952636719,-64.93623352050781,-172.36471557617188,4.810630798339844,6.533203551691662
ser,52f478f3-e291-4746-8710-c96f2af8a6d2,-98.95948028564453,-54.12471389770508,-179.01548767089844,5.129853248596191,6.551451250224985
ser,52f478f3-e291-4746-8710-c96f2af8a6d2,-85.84098052978516,-62.43722915649414,-164.31289672851562,5.136011123657227,6.359042395266418
ser,52f478f3-e291-4746-8710-c96f2af8a6d2,-129.0259246826172,-61.83169937133789,-164.90463256835938,5.0855712890625,6.143695940734658
ser,52f478f3-e291-4746-8710-c96f2af8a6d2,-96.3095474243164,-59.455135345458984,178.0970458984375,4.730836868286133,5.9917724147302085
ser,52f478f3-e291-4746-8710-c96f2af8a6d2,-88.28456115722656,-93.99807739257812,-179.85508728027344,5.5247650146484375,5.734444593216353
ser,52f478f3-e291-4746-8710-c96f2af8a6d2,-114.30071258544922,-100.33322143554688,167.7841033935547,5.329686641693115,5.71221244844674
ser,52f478f3-e291-4746-8710-c96f2af8a6d2,-101.47564697265625,-75.81429290771484,-174.09788513183594,5.2743330001831055,5.545214066062873
ser,52f478f3-e291-4746-8710-c96f2af8a6d2,-77.02494049072266,-71.06339263916016,-167.86154174804688,4.870309352874756,5.23288449286673
ser,52f478f3-e291-4746-8710-c96f2af8a6d2,-49.99657440185547,-76.23295593261719,174.9005584716797,4.916371822357178,5.244110940549491
ser,52f478f3-e291-4746-8710-c96f2af8a6d2,-72.3476791381836,-57.89754867553711,172.5834197998047,4.873901844024658,5.294830183790627
ser,52f478f3-e291-4746-8710-c96f2af8a6d2,-112.82994079589844,-90.27052307128906,179.27005004882812,5.373919486999512,5.05068747960876
ser,52f478f3-e291-4746-8710-c96f2af8a6d2,-134.95877075195312,-98.50724029541016,177.29513549804688,5.727115631103516,5.0751526064114945
ser,52f478f3-e291-4746-8710-c96f2af8a6d2,-86.97537231445312,-124.85094451904297,178.8009033203125,5.740678787231445,5.102025624299
ser,52f478f3-e291-4746-8710-c96f2af8a6d2,-89.2040786743164,-117.52348327636719,-175.94943237304688,5.54477596282959,5.067318846289815
ser,52f478f3-e291-4746-8710-c96f2af8a6d2,-117.2933120727539,-118.6764144897461,175.93466186523438,5.699911594390869,5.095782678649359
ser,52f478f3-e291-4746-8710-c96f2af8a6d2,-125.85150146484375,-148.06478881835938,177.58473205566406,5.910406589508057,5.118433769993756
ser,52f478f3-e291-4746-8710-c96f2af8a6d2,-133.4669647216797,179.9928741455078,178.8529052734375,5.995616436004639,5.102389100264581
ser,52f478f3-e291-4746-8710-c96f2af8a6d2,-115.26244354248047,-133.07557678222656,169.28868103027344,5.825199604034424,5.215464819145806
ser,52f478f3-e291-4746-8710-c96f2af8a6d2,-94.4063720703125,-104.25186157226562,179.9427490234375,5.306418418884277,4.977935936852367
ser,52f478f3-e291-4746-8710-c96f2af8a6d2,-115.0838851928711,-108.323486328125,-178.0063018798828,5.495072841644287,5.171078346876138
ser,52f478f3-e291-4746-8710-c96f2af8a6d2,-150.61016845703125,-122.32742309570312,178.7092742919922,5.914157867431641,5.130073140627246
ser,52f478f3-e291-4746-8710-c96f2af8a6d2,-106.40495300292969,-122.2912826538086,171.91908264160156,5.544103145599365,4.815679606854197
ser,52f478f3-e291-4746-8710-c96f2af8a6d2,-137.70584106445312,-112.90675354003906,179.61758422851562,5.76504373550415,4.903144687291945
ser,52f478f3-e291-4746-8710-c96f2af8a6d2,-164.34619140625,-129.31495666503906,176.05665588378906,5.858281135559082,4.677382159385086
ser,52f478f3-e291-4746-8710-c96f2af8a6d2,-124.80107116699219,-160.6197509765625,158.23529052734375,6.167631149291992,4.719203932970851
ser,52f478f3-e291-4746-8710-c96f2af8a6d2,-97.70796966552734,-144.82366943359375,155.06068420410156,5.7364373207092285,4.6862262892902535
ser,52f478f3-e291-4746-8710-c96f2af8a6d2,-87.30767822265625,-124.4036636352539,169.50411987304688,5.620352268218994,4.509257908849485
ser,52f478f3-e291-4746-8710-c96f2af8a6d2,-100.64629364013672,-140.57579040527344,173.0540771484375,5.891628742218018,4.591634138326615
ser,52f478f3-e291-4746-8710-c96f2af8a6d2,-76.92841339111328,-162.075439453125,-173.82562255859375,5.8703718185424805,4.752299258088814
ser,52f478f3-e291-4746-8710-c96f2af8a6d2,-117.641845703125,179.14768981933594,-165.8370361328125,5.946474075317383,4.965823466512973
ser,52f478f3-e291-4746-8710-c96f2af8a6d2,-74.26087951660156,166.5401611328125,-177.59130859375,5.590382099151611,4.869004273764678
ser,52f478f3-e291-4746-8710-c96f2af8a6d2,-76.13623046875,129.3937530517578,-168.94369506835938,5.266921043395996,4.770616770134443
ser,52f478f3-e291-4746-8710-c96f2af8a6d2,-81.677734375,136.300048828125,-175.0152130126953,5.362785816192627,5.135672673354732
ser,52f478f3-e291-4746-8710-c96f2af8a6d2,-51.65266036987305,144.50221252441406,167.1865997314453,5.640985012054443,5.102501358493841
ser,52f478f3-e291-4746-8710-c96f2af8a6d2,-84.44734191894531,136.70947265625,-173.29774475097656,5.497430801391602,5.137321389956241
ser,52f478f3-e291-4746-8710-c96f2af8a6d2,-65.60149383544922,144.23976135253906,-166.01632690429688,5.487420082092285,5.1097590863633755
ser,52f478f3-e291-4746-8710-c96f2af8a6d2,-62.02783203125,130.89146423339844,-163.781982421875,5.490222930908203,5.25047126862611
ser,52f478f3-e291-4746-8710-c96f2af8a6d2,-80.39323425292969,148.49468994140625,175.84237670898438,5.640476703643799,5.486804418225437
ser,52f478f3-e291-4746-8710-c96f2af8a6d2,-86.38519287109375,118.93309020996094,-179.9718475341797,5.04862642288208,5.654072963091752
ser,52f478f3-e291-4746-8710-c96f2af8a6d2,-83.91026306152344,111.78416442871094,172.80052185058594,5.187259197235107,5.827153794233222
ser,52f478f3-e291-4746-8710-c96f2af8a6d2,-113.18660736083984,109.49801635742188,173.25994873046875,5.1023173332214355,5.832088508110649
ser,52f478f3-e291-4746-8710-c96f2af8a6d2,-85.71464538574219,115.99873352050781,-161.62940979003906,5.11220121383667,5.84014894607061
ser,52f478f3-e291-4746-8710-c96f2af8a6d2,-90.00679016113281,104.23795318603516,-171.8216094970703,5.141106128692627,5.891665631594619
ser,52f478f3-e291-4746-8710-c96f2af8a6d2,-127.12055206298828,91.2684097290039,-166.57769775390625,5.308447360992432,5.848838884541591
ser,52f478f3-e291-4746-8710-c96f2af8a6d2,-106.1679916381836,115.14151763916016,-170.69320678710938,5.153088569641113,5.953541202579461
ser,52f478f3-e291-4746-8710-c96f2af8a6d2,-98.20777893066406,104.20977783203125,-178.90652465820312,5.09151029586792,5.966489673454359
ser,52f478f3-e291-4746-8710-c96f2af8a6d2,-121.9073715209961,93.69623565673828,-177.06971740722656,5.0441718101501465,6.0353096002112965
ser,52f478f3-e291-4746-8710-c96f2af8a6d2,-96.58568572998047,108.40595245361328,-170.57240295410156,4.915828704833984,5.853868205554238
ser,52f478f3-e291-4746-8710-c96f2af8a6d2,-84.11744689941406,113.1634521484375,-176.32928466796875,4.974442958831787,5.958248319082628
ser,52f478f3-e291-4746-8710-c96f2af8a6d2,-84.52154541015625,123.6963882446289,-156.5474853515625,5.330047130584717,5.84810454530667
ser,52f478f3-e291-4746-8710-c96f2af8a6d2,-78.45464324951172,130.71315002441406,-175.59886169433594,5.399089336395264,5.617642172943483
ser,52f478f3-e291-4746-8710-c96f2af8a6d2,-79.65737915039062,148.86009216308594,170.99937438964844,5.768242835998535,5.7009347743754
ser,52f478f3-e291-4746-8710-c96f2af8a6d2,-74.88783264160156,144.36085510253906,160.2268524169922,5.439663887023926,5.388783478653386
ser,52f478f3-e291-4746-8710-c96f2af8a6d2,-62.488407135009766,125.92245483398438,163.37652587890625,5.319057941436768,5.192242170393213
ser,52f478f3-e291-4746-8710-c96f2af8a6d2,-72.29624938964844,101.97539520263672,-178.8043670654297,5.219521999359131,5.541161653340346
ser,52f478f3-e291-4746-8710-c96f2af8a6d2,-77.5284423828125,135.8406219482422,175.68466186523438,5.484818935394287,5.648205173299523
ser,52f478f3-e291-4746-8710-c96f2af8a6d2,-68.90260314941406,114.24359893798828,-168.99942016601562,5.071714878082275,5.335394583259473
ser,52f478f3-e291-4746-8710-c96f2af8a6d2,-105.7486572265625,95.91710662841797,-172.6048126220703,5.200201988220215,5.118054921343129
ser,52f478f3-e291-4746-8710-c96f2af8a6d2,-106.00914764404297,100.69083404541016,-174.94573974609375,5.302120208740234,4.916994059909601
ser,52f478f3-e291-4746-8710-c96f2af8a6d2,-92.2257080078125,126.05692291259766,-165.63526916503906,5.275392532348633,4.911576336205129
ser,52f478f3-e291-4746-8710-c96f2af8a6d2,-133.7554473876953,161.63027954101562,179.79136657714844,5.903127670288086,5.139412887551064
ser,52f478f3-e291-4746-8710-c96f2af8a6d2,-121.84130859375,147.9678192138672,-179.41017150878906,5.660360813140869,5.234295618657548
ser,52f478f3-e291-4746-8710-c96f2af8a6d2,-103.13391876220703,109.98204040527344,-159.34591674804688,5.00352144241333,4.984935661814894
ser,52f478f3-e291-4746-8710-c96f2af8a6d2,-94.65908813476562,148.86465454101562,-164.63687133789062,5.6385111808776855,4.810441559180495
ser,52f478f3-e291-4746-8710-c96f2af8a6d2,-100.04328155517578,132.95289611816406,177.3155975341797,5.596728801727295,4.919535224914716
ser,52f478f3-e291-4746-8710-c96f2af8a6d2,-68.29468536376953,148.7718048095703,-169.93484497070312,5.544212818145752,4.725803538874724
ser,52f478f3-e291-4746-8710-c96f2af8a6d2,-79.1399917602539,137.74880981445312,-174.73191833496094,5.676153659820557,4.779387343782784
ser,52f478f3-e291-4746-8710-c96f2af8a6d2,-116.53853607177734,91.84542083740234,167.68890380859375,5.14911413192749,4.631197831216345
ser,52f478f3-e291-4746-8710-c96f2af8a6d2,-92.22943878173828,105.93299865722656,178.4033203125,4.952808856964111,4.7803310395312595
ser,52f478f3-e291-4746-8710-c96f2af8a6d2,-88.84476470947266,114.42527770996094,-169.48715209960938,5.099033355712891,4.985682720450871
ser,52f478f3-e291-4746-8710-c96f2af8a6d2,-112.93726348876953,161.60821533203125,-174.5283966064453,5.743775844573975,5.009306243229848
ser,52f478f3-e291-4746-8710-c96f2af8a6d2,-106.09971618652344,162.48728942871094,-179.5569305419922,5.836419105529785,5.062378507860802
ser,52f478f3-e291-4746-8710-c96f2af8a6d2,-82.60555267333984,162.205322265625,173.0123748779297,5.598651885986328,4.963646292568435
ser,52f478f3-e291-4746-8710-c96f2af8a6d2,-116.40857696533203,139.8892059326172,169.24964904785156,5.851017475128174,5.008035863328399
ser,52f478f3-e291-4746-8710-c96f2af8a6d2,-112.84724426269531,151.03369140625,171.8394012451172,5.820745944976807,4.928252269206224
ser,52f478f3-e291-4746-8710-c96f2af8a6d2,-97.63404846191406,142.12347412109375,154.35223388671875,5.453301906585693,5.0056038777593725
ser,52f478f3-e291-4746-8710-c96f2af8a6d2,-102.16385650634766,113.88795471191406,176.53475952148438,5.230018615722656,5.2391950486083045
ser,52f478f3-e291-4746-8710-c96f2af8a6d2,-108.47728729248047,108.12262725830078,-176.58804321289062,5.192404270172119,5.198122026261971
ser,52f478f3-e291-4746-8710-c96f2af8a6d2,-110.8189697265625,105.42868041992188,-168.75099182128906,5.3581109046936035,5.199855003366888
ser,52f478f3-e291-4746-8710-c96f2af8a6d2,-108.01114654541016,91.86253356933594,-167.85154724121094,4.692074298858643,5.070949997703264
ser,52f478f3-e291-4746-8710-c96f2af8a6d2,-97.35578155517578,127.76507568359375,178.96682739257812,5.521782398223877,5.220332007380148
ser,52f478f3-e291-4746-8710-c96f2af8a6d2,-98.03031158447266,150.48300170898438,173.3937225341797,5.648078441619873,5.322510938462606
ser,52f478f3-e291-4746-8710-c96f2af8a6d2,-126.29679107666016,170.46237182617188,-178.32107543945312,5.8144707679748535,5.286222038659293
ser,52f478f3-e291-4746-8710-c96f2af8a6d2,-139.6195068359375,146.02528381347656,-171.34796142578125,5.791517734527588,5.199452740465147
ser,52f478f3-e291-4746-8710-c96f2af8a6d2,-129.67002868652344,155.1218719482422,-173.62777709960938,5.885443210601807,5.466370533168185
ser,52f478f3-e291-4746-8710-c96f2af8a6d2,-137.67193603515625,-172.56393432617188,175.08749389648438,5.921910285949707,5.375942850416987
ser,52f478f3-e291-4746-8710-c96f2af8a6d2,-126.32779693603516,-167.53175354003906,166.0062713623047,5.959919452667236,5.226641325078241
ser,52f478f3-e291-4746-8710-c96f2af8a6d2,-137.82626342773438,-158.86306762695312,174.52969360351562,5.989655017852783,5.3344304839167584
ser,52f478f3-e291-4746-8710-c96f2af8a6d2,-107.15148162841797,-140.14447021484375,170.9192657470703,5.825656414031982,5.35412321174873
ser,52f478f3-e291-4746-8710-c96f2af8a6d2,-125.21658325195312,-150.9045867919922,168.13209533691406,5.964786529541016,5.2849678076658995
ser,52f478f3-e291-4746-8710-c96f2af8a6d2,-84.4679946899414,175.9475555419922,-172.7518310546875,5.842728614807129,5.413972311658626
ser,52f478f3-e291-4746-8710-c96f2af8a6d2,-114.9231185913086,169.2867889404297,-172.47410583496094,5.817159652709961,5.198871413331529
ser,52f478f3-e291-4746-8710-c96f2af8a6d2,-107.0512924194336,-167.23556518554688,-168.0326385498047,5.948476314544678,5.1163410375952045
ser,52f478f3-e291-4746-8710-c96f2af8a6d2,-78.47620391845703,177.06546020507812,-171.225830078125,6.005513668060303,5.200340747390728
ser,52f478f3-e291-4746-8710-c96f2af8a6d2,-76.37842559814453,163.5011444091797,-164.97064208984375,5.541477203369141,5.083484828594857
ser,52f478f3-e291-4746-8710-c96f2af8a6d2,-85.31340026855469,-151.58328247070312,-175.9228515625,5.983281135559082,5.302459314521088
ser,52f478f3-e291-4746-8710-c96f2af8a6d2,-83.74063873291016,-154.70147705078125,-178.71707153320312,5.591241359710693,5.085279723061343
ser,52f478f3-e291-4746-8710-c96f2af8a6d2,-117.11801147460938,-143.6480255126953,-170.0059051513672,5.924960136413574,4.929415583595409
ser,52f478f3-e291-4746-8710-c96f2af8a6d2,-122.23412322998047,-166.429931640625,166.11459350585938,5.999910831451416,4.900661367580248
ser,52f478f3-e291-4746-8710-c96f2af8a6d2,-110.46258544921875,-173.5443878173828,-169.94761657714844,5.86689567565918,4.840766082297474
ser,52f478f3-e291-4746-8710-c96f2af8a6d2,-146.2741241455078,-135.85708618164062,179.02139282226562,5.878348350524902,5.084607317853841
ser,52f478f3-e291-4746-8710-c96f2af8a6d2,-106.82550811767578,-152.4664306640625,-179.24171447753906,6.0018630027771,5.366291231430591
ser,52f478f3-e291-4746-8710-c96f2af8a6d2,-139.28421020507812,159.9925537109375,-178.1284942626953,5.773453235626221,5.518711087092753
ser,52f478f3-e291-4746-8710-c96f2af8a6d2,-110.74300384521484,168.91331481933594,-179.17649841308594,5.8642706871032715,5.648556361128368
ser,52f478f3-e291-4746-8710-c96f2af8a6d2,-127.23028564453125,-163.55555725097656,175.7006072998047,6.05211877822876,5.57681476680095
ser,52f478f3-e291-4746-8710-c96f2af8a6d2,-147.96897888183594,167.88999938964844,-174.90963745117188,5.9755425453186035,5.381461911547707
ser,52f478f3-e291-4746-8710-c96f2af8a6d2,-133.7774200439453,-149.62908935546875,175.93638610839844,5.895331382751465,5.203600062772047
ser,52f478f3-e291-4746-8710-c96f2af8a6d2,-110.50605773925781,-172.7517852783203,173.59999084472656,5.820615768432617,5.292859755299855
ser,52f478f3-e291-4746-8710-c96f2af8a6d2,-130.11944580078125,144.1303253173828,172.09036254882812,5.781877040863037,5.623476314400532
ser,52f478f3-e291-4746-8710-c96f2af8a6d2,-149.8635711669922,164.23562622070312,175.28076171875,5.813693046569824,5.536180482940699
ser,52f478f3-e291-4746-8710-c96f2af8a6d2,-165.52809143066406,167.22323608398438,-178.96026611328125,6.087059497833252,5.512407725739785
ser,52f478f3-e291-4746-8710-c96f2af8a6d2,-113.3983154296875,176.18310546875,-178.5377960205078,5.8900861740112305,5.47316978850502
ser,52f478f3-e291-4746-8710-c96f2af8a6d2,-85.01669311523438,163.98910522460938,-162.06358337402344,5.667828559875488,5.398502074713976
ser,52f478f3-e291-4746-8710-c96f2af8a6d2,-96.08171081542969,175.5152587890625,-156.7216796875,5.866919040679932,5.466384704837929
ser,52f478f3-e291-4746-8710-c96f2af8a6d2,-89.21337890625,-174.0718536376953,-172.76913452148438,5.769439220428467,5.573714521727099
ser,52f478f3-e291-4746-8710-c96f2af8a6d2,-81.3212661743164,151.12318420410156,172.4267578125,5.638489246368408,5.422251670300977
ser,52f478f3-e291-4746-8710-c96f2af8a6d2,-88.9940185546875,154.87518310546875,172.529541015625,5.521289825439453,5.675498443606818
ser,52f478f3-e291-4746-8710-c96f2af8a6d2,-95.2976303100586,161.17306518554688,175.6505126953125,5.645561218261719,6.110434083701093
ser,52f478f3-e291-4746-8710-c96f2af8a6d2,-98.44229888916016,159.58616638183594,175.34275817871094,5.779993057250977,6.253735737507569
ser,52f478f3-e291-4746-8710-c96f2af8a6d2,-81.92078399658203,-168.39093017578125,169.6243438720703,5.700216293334961,6.1155747456515845
ser,52f478f3-e291-4746-8710-c96f2af8a6d2,-91.32857513427734,172.92901611328125,-173.94793701171875,5.718894004821777,6.383342456932415
ser,52f478f3-e291-4746-8710-c96f2af8a6d2,-84.6683349609375,172.36099243164062,-175.1112518310547,5.683351039886475,6.635990322710014
ser,52f478f3-e291-4746-8710-c96f2af8a6d2,-110.60205078125,-162.694580078125,176.95132446289062,5.819149017333984,6.575913489482191
ser,52f478f3-e291-4746-8710-c96f2af8a6d2,-108.59493255615234,-150.37818908691406,-172.35079956054688,5.916422367095947,6.237814706525894
ser,52f478f3-e291-4746-8710-c96f2af8a6d2,-140.17787170410156,-166.72891235351562,-170.65213012695312,6.150332927703857,6.252527471222772
ser,52f478f3-e291-4746-8710-c96f2af8a6d2,-75.9038314819336,-127.60456848144531,-159.40452575683594,5.647685527801514,5.936700904602584
ser,52f478f3-e291-4746-8710-c96f2af8a6d2,-86.85594177246094,-175.8917999267578,177.3676300048828,5.637404918670654,5.845251608351337
ser,52f478f3-e291-4746-8710-c96f2af8a6d2,-116.6448974609375,-162.69985961914062,175.7597198486328,6.051873207092285,6.116978157644488
ser,52f478f3-e291-4746-8710-c96f2af8a6d2,-129.55690002441406,-133.87020874023438,170.05133056640625,5.705192565917969,6.161498168708061
ser,52f478f3-e291-4746-8710-c96f2af8a6d2,-96.08182525634766,-162.31089782714844,-175.20265197753906,5.785539627075195,5.984065881251128
ser,52f478f3-e291-4746-8710-c96f2af8a6d2,-66.8211898803711,169.27932739257812,177.5529327392578,5.849457263946533,6.015568610812133
ser,52f478f3-e291-4746-8710-c96f2af8a6d2,-79.97441101074219,140.21414184570312,169.99371337890625,5.569675922393799,6.277149565740256
ser,52f478f3-e291-4746-8710-c96f2af8a6d2,-67.45060729980469,144.7945098876953,155.8213653564453,5.652665615081787,6.1904126879631916
ser,52f478f3-e291-4746-8710-c96f2af8a6d2,-65.42191314697266,120.3949966430664,147.05760192871094,5.249253273010254,6.109243009898722
ser,52f478f3-e291-4746-8710-c96f2af8a6d2,-85.77162170410156,143.41673278808594,-176.0840301513672,5.617343425750732,6.264432142649626
ser,52f478f3-e291-4746-8710-c96f2af8a6d2,-69.08454132080078,132.93896484375,178.7314453125,5.39038610458374,6.28810387462237
ser,52f478f3-e291-4746-8710-c96f2af8a6d2,-84.03189849853516,-170.42918395996094,-171.5462646484375,5.744755744934082,6.274212228542486
ser,52f478f3-e291-4746-8710-c96f2af8a6d2,-102.5400390625,-157.67306518554688,167.7938232421875,6.080953598022461,6.29031655557102
ser,52f478f3-e291-4746-8710-c96f2af8a6d2,-80.1358642578125,143.4515380859375,-159.43472290039062,5.5061259269714355,6.163119283823787
ser,52f478f3-e291-4746-8710-c96f2af8a6d2,-78.48426055908203,101.20243835449219,-178.87612915039062,5.055577754974365,6.229948491511067
ser,52f478f3-e291-4746-8710-c96f2af8a6d2,-86.61873626708984,148.10520935058594,-176.24302673339844,5.654531002044678,6.06003776482356
ser,52f478f3-e291-4746-8710-c96f2af8a6d2,-80.51715850830078,130.81756591796875,178.53631591796875,5.219805717468262,5.806650403503177
ser,52f478f3-e291-4746-8710-c96f2af8a6d2,-97.21968841552734,153.07662963867188,-171.3578338623047,5.776550769805908,6.1010605879819915
ser,52f478f3-e291-4746-8710-c96f2af8a6d2,-74.01853942871094,-174.02699279785156,174.64120483398438,5.811003684997559,5.908596344392427
ser,52f478f3-e291-4746-8710-c96f2af8a6d2,-97.88831329345703,166.91566467285156,-172.09625244140625,5.748396873474121,5.8628883697421434
ser,52f478f3-e291-4746-8710-c96f2af8a6d2,-107.83062744140625,136.2734375,-176.3497314453125,5.691351413726807,6.007471372354883
ser,52f478f3-e291-4746-8710-c96f2af8a6d2,-86.6619873046875,159.85433959960938,167.10699462890625,5.630501747131348,6.077476691683048
ser,52f478f3-e291-4746-8710-c96f2af8a6d2,-99.0219497680664,133.7953338623047,-172.74716186523438,5.336758136749268,6.06318340034457
ser,52f478f3-e291-4746-8710-c96f2af8a6d2,-106.06629180908203,147.8220672607422,176.76043701171875,5.679018020629883,5.988019279137276
ser,52f478f3-e291-4746-8710-c96f2af8a6d2,-101.46345520019531,159.19427490234375,169.64540100097656,5.766529083251953,6.045747703818542
ser,52f478f3-e291-4746-8710-c96f2af8a6d2,-107.24476623535156,133.42303466796875,-171.71542358398438,5.834748268127441,6.252094563387319
ser,52f478f3-e291-4746-8710-c96f2af8a6d2,-97.6031494140625,146.7140350341797,-165.43141174316406,5.700442314147949,6.145137816807699
ser,52f478f3-e291-4746-8710-c96f2af8a6d2,-162.18154907226562,176.93743896484375,-179.2407989501953,5.916951656341553,6.320182129372341
ser,52f478f3-e291-4746-8710-c96f2af8a6d2,-113.70065307617188,-169.122802734375,162.183837890625,5.8878326416015625,6.404685110228128
ser,52f478f3-e291-4746-8710-c96f2af8a6d2,-140.76300048828125,152.4727325439453,170.9114532470703,5.898125648498535,6.341742530039176
ser,52f478f3-e291-4746-8710-c96f2af8a6d2,-140.27867126464844,150.98594665527344,165.439697265625,5.692561149597168,6.306593980050304
ser,52f478f3-e291-4746-8710-c96f2af8a6d2,-122.5154037475586,126.76371765136719,172.17100524902344,5.4278669357299805,6.27707477000786
ser,52f478f3-e291-4746-8710-c96f2af8a6d2,-142.67706298828125,100.95318603515625,-176.7627410888672,5.319292068481445,6.2675795061439254
ser,52f478f3-e291-4746-8710-c96f2af8a6d2,-148.2340087890625,103.92484283447266,-176.90249633789062,5.474595546722412,6.405601368429506
ser,52f478f3-e291-4746-8710-c96f2af8a6d2,-150.78903198242188,123.72039794921875,172.03004455566406,5.84846830368042,6.045304259878175
ser,52f478f3-e291-4746-8710-c96f2af8a6d2,-125.3118896484375,127.87724304199219,-176.25350952148438,5.671591281890869,6.000627729395055
ser,52f478f3-e291-4746-8710-c96f2af8a6d2,-130.74896240234375,148.02980041503906,179.5099334716797,5.726842880249023,6.168562166215685
ser,52f478f3-e291-4746-8710-c96f2af8a6d2,-127.45868682861328,147.4684295654297,-167.0091552734375,5.885638236999512,6.121543304112829
ser,52f478f3-e291-4746-8710-c96f2af8a6d2,-105.03913116455078,146.71571350097656,-173.22125244140625,5.437556266784668,6.573204839344044
ser,52f478f3-e291-4746-8710-c96f2af8a6d2,-114.03689575195312,138.81744384765625,-142.3065185546875,5.830604553222656,6.905501816743347
ser,52f478f3-e291-4746-8710-c96f2af8a6d2,-114.96279907226562,146.5435028076172,177.29148864746094,5.4828619956970215,6.877685022558917
ser,52f478f3-e291-4746-8710-c96f2af8a6d2,-122.61054992675781,146.0604705810547,-160.69049072265625,5.5193095207214355,7.0218446710344296
ser,52f478f3-e291-4746-8710-c96f2af8a6d2,-160.99781799316406,110.80699157714844,175.8452911376953,5.646875381469727,6.277986843135635
ser,52f478f3-e291-4746-8710-c96f2af8a6d2,-134.6820068359375,161.06573486328125,173.58285522460938,5.908365726470947,6.3958361064994405
ser,52f478f3-e291-4746-8710-c96f2af8a6d2,-156.9886016845703,158.02691650390625,157.1581573486328,5.9176530838012695,6.264703258020901
ser,52f478f3-e291-4746-8710-c96f2af8a6d2,-145.38821411132812,151.1470489501953,178.0528564453125,5.741995334625244,6.075514930186335
ser,52f478f3-e291-4746-8710-c96f2af8a6d2,-123.75592803955078,155.8741912841797,-178.02627563476562,5.743196964263916,6.1739897940848545
ser,52f478f3-e291-4746-8710-c96f2af8a6d2,-152.3827667236328,131.3562774658203,-176.13714599609375,5.885043144226074,6.100484175065317
ser,52f478f3-e291-4746-8710-c96f2af8a6d2,-136.76580810546875,117.79302978515625,175.37123107910156,5.55795431137085,6.179977147556528
ser,52f478f3-e291-4746-8710-c96f2af8a6d2,-163.31288146972656,114.23323059082031,166.07260131835938,5.57356071472168,6.387856891796505
ser,52f478f3-e291-4746-8710-c96f2af8a6d2,-162.8492431640625,161.53640747070312,-173.65093994140625,6.053555965423584,6.454590132149249
ser,52f478f3-e291-4746-8710-c96f2af8a6d2,-137.7729034423828,167.22378540039062,-167.27593994140625,5.824252605438232,6.467167201726281
ser,52f478f3-e291-4746-8710-c96f2af8a6d2,-166.72491455078125,146.39907836914062,-179.77786254882812,5.928576469421387,6.183148327687724
ser,52f478f3-e291-4746-8710-c96f2af8a6d2,-132.63836669921875,168.53024291992188,-177.3159637451172,6.105808258056641,6.882247327380816
ser,52f478f3-e291-4746-8710-c96f2af8a6d2,-168.08229064941406,126.83846282958984,-170.3686981201172,5.700638771057129,7.007149200021231
ser,52f478f3-e291-4746-8710-c96f2af8a6d2,-158.76568603515625,106.4561767578125,-179.2476806640625,5.293877124786377,7.1974781804081855
ser,52f478f3-e291-4746-8710-c96f2af8a6d2,-167.43820190429688,99.16313934326172,173.924072265625,5.482509136199951,6.961398828924295
ser,52f478f3-e291-4746-8710-c96f2af8a6d2,-158.28805541992188,100.7176513671875,168.30189514160156,5.492300033569336,7.039119194256446
ser,52f478f3-e291-4746-8710-c96f2af8a6d2,-179.7974090576172,93.6602783203125,-170.89337158203125,5.485654354095459,7.193061967949366
ser,52f478f3-e291-4746-8710-c96f2af8a6d2,-158.0166015625,118.31938934326172,175.32810974121094,5.472006320953369,6.923091399348848
ser,52f478f3-e291-4746-8710-c96f2af8a6d2,-168.22039794921875,95.4000473022461,167.2320556640625,5.380777359008789,6.868789535390525
ser,52f478f3-e291-4746-8710-c96f2af8a6d2,-132.78138732910156,87.20783996582031,-174.39207458496094,4.931389808654785,6.702555883474136
ser,52f478f3-e291-4746-8710-c96f2af8a6d2,-139.3030548095703,103.93201446533203,-172.71954345703125,5.299574851989746,6.473632421544092
ser,52f478f3-e291-4746-8710-c96f2af8a6d2,-136.61602783203125,108.90690612792969,179.55604553222656,5.299030780792236,6.194957824021585
ser,52f478f3-e291-4746-8710-c96f2af8a6d2,-156.82089233398438,124.73611450195312,-174.16085815429688,5.844742298126221,6.195675301907345
ser,52f478f3-e291-4746-8710-c96f2af8a6d2,-163.46484375,100.9946517944336,-178.72775268554688,5.428404808044434,5.766558124927996
ser,52f478f3-e291-4746-8710-c96f2af8a6d2,-148.94003295898438,76.0874252319336,-179.3387908935547,5.068418502807617,5.373862594884793
ser,52f478f3-e291-4746-8710-c96f2af8a6d2,-124.23914337158203,112.90708923339844,-177.12387084960938,5.304643630981445,5.366594815976905
ser,52f478f3-e291-4746-8710-c96f2af8a6d2,-132.6390380859375,108.20462036132812,167.3491668701172,5.487032413482666,5.381212169303279
ser,52f478f3-e291-4746-8710-c96f2af8a6d2,-113.20040893554688,131.38461303710938,174.89508056640625,5.550721645355225,5.164810692918948
ser,52f478f3-e291-4746-8710-c96f2af8a6d2,-132.65374755859375,136.7690887451172,178.00389099121094,5.734192848205566,4.946263930912785
ser,52f478f3-e291-4746-8710-c96f2af8a6d2,-109.89131164550781,133.49951171875,177.62820434570312,5.641664028167725,4.852586978031097
ser,52f478f3-e291-4746-8710-c96f2af8a6d2,-105.37372589111328,125.3428726196289,167.70591735839844,5.475743293762207,4.779873825878263
ser,52f478f3-e291-4746-8710-c96f2af8a6d2,-110.22309112548828,123.50474548339844,-178.41275024414062,5.484896183013916,4.9111055292603165
ser,52f478f3-e291-4746-8710-c96f2af8a6d2,-81.09272003173828,114.66304779052734,-175.05140686035156,5.150485992431641,4.945808766796625
ser,52f478f3-e291-4746-8710-c96f2af8a6d2,-75.554931640625,133.98101806640625,-179.71702575683594,5.322299957275391,5.189407521160106
ser,52f478f3-e291-4746-8710-c96f2af8a6d2,-102.81977844238281,104.43649291992188,172.78729248046875,5.142443656921387,5.04712803009429
ser,52f478f3-e291-4746-8710-c96f2af8a6d2,-97.81283569335938,115.61343383789062,-169.97076416015625,4.943053245544434,4.955757772521762
ser,52f478f3-e291-4746-8710-c96f2af8a6d2,-98.3185043334961,99.84380340576172,175.2247314453125,4.684036731719971,5.000982804175821
ser,52f478f3-e291-4746-8710-c96f2af8a6d2,-137.59127807617188,109.87112426757812,175.36569213867188,5.387539863586426,4.9079456529796825
ser,52f478f3-e291-4746-8710-c96f2af8a6d2,-145.81594848632812,128.1687774658203,-166.2130584716797,5.547918796539307,5.04053301068954
ser,52f478f3-e291-4746-8710-c96f2af8a6d2,-166.63157653808594,148.37550354003906,-177.1290283203125,6.160975456237793,5.209666270740765
ser,52f478f3-e291-4746-8710-c96f2af8a6d2,-144.2409210205078,138.10787963867188,-179.64645385742188,5.452334880828857,5.0268014778740495
ser,52f478f3-e291-4746-8710-c96f2af8a6d2,-153.60523986816406,140.15896606445312,-172.16961669921875,5.911462306976318,5.131526720321175
ser,52f478f3-e291-4746-8710-c96f2af8a6d2,-131.59793090820312,159.86593627929688,172.1758575439453,5.965686798095703,5.14481495351869
ser,52f478f3-e291-4746-8710-c96f2af8a6d2,-152.69151306152344,175.36268615722656,178.6458282470703,5.78646183013916,4.693613301265338
ser,52f478f3-e291-4746-8710-c96f2af8a6d2,-143.71055603027344,169.28282165527344,156.09706115722656,6.114230155944824,4.67208628646551
ser,52f478f3-e291-4746-8710-c96f2af8a6d2,-130.88858032226562,146.0770263671875,173.05686950683594,5.566842079162598,4.652983646775201
ser,52f478f3-e291-4746-8710-c96f2af8a6d2,-143.29998779296875,161.27081298828125,171.08351135253906,5.955246925354004,4.456734841278169
ser,52f478f3-e291-4746-8710-c96f2af8a6d2,-154.77236938476562,124.22442626953125,177.0599365234375,5.471248626708984,4.379196937402621
ser,52f478f3-e291-4746-8710-c96f2af8a6d2,-104.968505859375,169.67884826660156,154.5029296875,5.700342655181885,4.444879712692627
ser,52f478f3-e291-4746-8710-c96f2af8a6d2,-98.83856964111328,-174.81544494628906,166.6409912109375,5.742799758911133,4.605044259935788
ser,52f478f3-e291-4746-8710-c96f2af8a6d2,-82.62757110595703,162.96470642089844,-176.67091369628906,5.561480522155762,4.618571741121341
ser,52f478f3-e291-4746-8710-c96f2af8a6d2,-85.52898406982422,174.5489501953125,171.05123901367188,5.8010454177856445,4.788554155634277
ser,52f478f3-e291-4746-8710-c96f2af8a6d2,-73.25179290771484,-177.58236694335938,169.60360717773438,5.687155723571777,4.829553287928139
ser,52f478f3-e291-4746-8710-c96f2af8a6d2,-86.83432006835938,-172.18263244628906,178.0538787841797,6.037632465362549,5.050879898755527
ser,52f478f3-e291-4746-8710-c96f2af8a6d2,-138.1712188720703,-168.18350219726562,-170.1243438720703,5.921962261199951,5.3649633940084325
ser,52f478f3-e291-4746-8710-c96f2af8a6d2,-102.31367492675781,-152.01229858398438,-178.44581604003906,5.720630168914795,5.508175835329029
ser,52f478f3-e291-4746-8710-c96f2af8a6d2,-101.850341796875,-126.2892074584961,-174.59361267089844,5.968738555908203,5.365374030562131
ser,52f478f3-e291-4746-8710-c96f2af8a6d2,-100.51048278808594,-99.4417953491211,177.573486328125,5.437993049621582,5.210129698227845
ser,52f478f3-e291-4746-8710-c96f2af8a6d2,-85.42516326904297,-110.59398651123047,179.52626037597656,5.6152448654174805,5.342581555581052
ser,52f478f3-e291-4746-8710-c96f2af8a6d2,-104.18152618408203,-82.57212829589844,-162.67877197265625,5.246923923492432,5.576402019575371
ser,52f478f3-e291-4746-8710-c96f2af8a6d2,-147.50872802734375,-92.60694122314453,-175.0323486328125,5.591053009033203,5.618398904492276
ser,52f478f3-e291-4746-8710-c96f2af8a6d2,-159.08180236816406,-98.78421020507812,-173.49281311035156,5.398223400115967,5.670877241587287
ser,52f478f3-e291-4746-8710-c96f2af8a6d2,-122.09194946289062,-101.56657409667969,169.0174102783203,5.679131984710693,5.7456934695268265
ser,52f478f3-e291-4746-8710-c96f2af8a6d2,-97.1504898071289,-119.07152557373047,174.3544921875,5.5597310066223145,5.609520635028246
ser,52f478f3-e291-4746-8710-c96f2af8a6d2,-110.97945404052734,-122.82009887695312,173.15460205078125,5.823202133178711,5.630667258931155
ser,52f478f3-e291-4746-8710-c96f2af8a6d2,-81.2579574584961,-102.46226501464844,174.4288330078125,5.280250072479248,5.621278023754256
ser,52f478f3-e291-4746-8710-c96f2af8a6d2,-99.26536560058594,-88.61095428466797,-167.35096740722656,5.381494522094727,5.634692795698185
ser,52f478f3-e291-4746-8710-c96f2af8a6d2,-86.10122680664062,-72.68333435058594,-172.2371063232422,4.823114395141602,5.840752457760605
ser,52f478f3-e291-4746-8710-c96f2af8a6d2,-107.66624450683594,-65.35006713867188,-177.73989868164062,5.207067012786865,5.794458096224896
ser,52f478f3-e291-4746-8710-c96f2af8a6d2,-92.84061431884766,-102.74449157714844,-163.66807556152344,5.326639175415039,5.6142036313588575
ser,52f478f3-e291-4746-8710-c96f2af8a6d2,-108.69821166992188,-62.934410095214844,-177.41000366210938,5.1594672203063965,5.705802766380392
ser,52f478f3-e291-4746-8710-c96f2af8a6d2,-120.76898193359375,-67.15078735351562,-155.0055694580078,5.109769344329834,5.881990410175508
ser,52f478f3-e291-4746-8710-c96f2af8a6d2,-100.8082046508789,-82.31420135498047,-167.43685913085938,5.309977054595947,6.006991689890195
ser,52f478f3-e291-4746-8710-c96f2af8a6d2,-86.48405456542969,-115.0387954711914,169.76797485351562,5.795578479766846,6.035303182335112
ser,52f478f3-e291-4746-8710-c96f2af8a6d2,-94.25146484375,-133.0548553466797,177.31080627441406,5.6725664138793945,6.007382082023506
ser,52f478f3-e291-4746-8710-c96f2af8a6d2,-105.36273193359375,-108.94142150878906,-171.83493041992188,5.736107349395752,5.945894677664465
ser,52f478f3-e291-4746-8710-c96f2af8a6d2,-110.8478775024414,-163.44308471679688,-177.5095672607422,6.024318695068359,5.86659591116397
ser,52f478f3-e291-4746-8710-c96f2af8a6d2,-87.40099334716797,174.88536071777344,-171.6143035888672,5.8533124923706055,5.871666594737785
ser,52f478f3-e291-4746-8710-c96f2af8a6d2,-135.2806854248047,-131.4086456298828,-159.4381561279297,5.911422252655029,5.917247453028527
ser,52f478f3-e291-4746-8710-c96f2af8a6d2,-174.3719024658203,-175.816162109375,-176.2394256591797,6.035810947418213,5.904278063860018
ser,52f478f3-e291-4746-8710-c96f2af8a6d2,-146.34864807128906,-177.7166290283203,166.37474060058594,6.0283308029174805,5.795354375963457
ser,52f478f3-e291-4746-8710-c96f2af8a6d2,-169.1781768798828,-162.02159118652344,163.36720275878906,5.924089431762695,6.066081284791354
ser,52f478f3-e291-4746-8710-c96f2af8a6d2,-156.0906524658203,-136.19822692871094,174.3418731689453,6.01585054397583,6.063209340936468
ser,52f478f3-e291-4746-8710-c96f2af8a6d2,-148.1263885498047,-105.15275573730469,-155.8238983154297,5.577608585357666,6.103708963284009
ser,52f478f3-e291-4746-8710-c96f2af8a6d2,-120.59367370605469,-80.48735809326172,175.98536682128906,5.372642517089844,6.172803948165045
ser,52f478f3-e291-4746-8710-c96f2af8a6d2,-147.32891845703125,-78.79944610595703,-175.74478149414062,5.5525970458984375,6.364557842415065
ser,52f478f3-e291-4746-8710-c96f2af8a6d2,-159.54464721679688,-59.66608428955078,-171.60299682617188,4.955428600311279,6.036082807110658
ser,52f478f3-e291-4746-8710-c96f2af8a6d2,-148.40576171875,-49.19475173950195,179.18426513671875,4.8119401931762695,5.780490220994412
ser,52f478f3-e291-4746-8710-c96f2af8a6d2,171.9532470703125,-66.20442199707031,159.257080078125,5.040093421936035,5.499147789294593
ser,52f478f3-e291-4746-8710-c96f2af8a6d2,-118.57571411132812,-69.4273452758789,175.966552734375,4.912587642669678,5.510714677972289
ser,52f478f3-e291-4746-8710-c96f2af8a6d2,-106.59749603271484,-55.700050354003906,164.71163940429688,5.171131610870361,5.869730232647536
ser,52f478f3-e291-4746-8710-c96f2af8a6d2,-64.7768783569336,-58.314125061035156,167.0185546875,4.393338203430176,5.887301239142486
ser,52f478f3-e291-4746-8710-c96f2af8a6d2,-99.84320831298828,-89.03351593017578,-169.48069763183594,5.405204772949219,5.822486042270939
ser,52f478f3-e291-4746-8710-c96f2af8a6d2,-91.41195678710938,-88.9755859375,177.90699768066406,5.434805870056152,5.961484090022294
ser,52f478f3-e291-4746-8710-c96f2af8a6d2,-82.35106658935547,-45.89141082763672,173.347412109375,4.4473490715026855,6.276979404156456
ser,52f478f3-e291-4746-8710-c96f2af8a6d2,-86.76262664794922,-45.84815979003906,-178.55519104003906,4.714663028717041,6.566158406782213
ser,52f478f3-e291-4746-8710-c96f2af8a6d2,-80.76808166503906,-67.65316772460938,161.97389221191406,5.223569869995117,6.609280521919756
ser,52f478f3-e291-4746-8710-c96f2af8a6d2,-94.95694732666016,-70.9980697631836,177.972412109375,5.042849540710449,6.6134863298260225
ser,52f478f3-e291-4746-8710-c96f2af8a6d2,-59.84528732299805,-58.50736999511719,-173.01414489746094,4.811828136444092,6.668942380952826
ser,52f478f3-e291-4746-8710-c96f2af8a6d2,-66.54765319824219,-41.26152420043945,172.7922821044922,4.601047992706299,6.738462668265706
ser,52f478f3-e291-4746-8710-c96f2af8a6d2,-65.94835662841797,-26.15644645690918,148.23350524902344,4.3595709800720215,6.735569148320199
ser,52f478f3-e291-4746-8710-c96f2af8a6d2,-69.98517608642578,-40.387229919433594,158.27020263671875,4.1338958740234375,6.782183226285165
ser,52f478f3-e291-4746-8710-c96f2af8a6d2,-80.84832763671875,-62.003135681152344,177.24864196777344,5.008404731750488,6.754762192308433
ser,52f478f3-e291-4746-8710-c96f2af8a6d2,-91.48247528076172,-46.181278228759766,178.8363037109375,4.814363956451416,6.730039291206099
ser,52f478f3-e291-4746-8710-c96f2af8a6d2,-84.57667541503906,-84.95941162109375,174.87213134765625,5.283564567565918,6.901239943329652
ser,52f478f3-e291-4746-8710-c96f2af8a6d2,-126.32756805419922,-105.70790100097656,-173.53028869628906,5.4945478439331055,6.9334775349144575
ser,52f478f3-e291-4746-8710-c96f2af8a6d2,-78.11543273925781,-154.17408752441406,179.55160522460938,5.812273979187012,6.923430813604569
ser,52f478f3-e291-4746-8710-c96f2af8a6d2,-112.42829895019531,171.9171905517578,170.87442016601562,6.026303291320801,6.898537546099166
ser,52f478f3-e291-4746-8710-c96f2af8a6d2,-79.17884063720703,-168.15565490722656,-174.41513061523438,5.51198673248291,7.09288490679792
ser,52f478f3-e291-4746-8710-c96f2af8a6d2,-97.52740478515625,-164.52110290527344,176.3736114501953,5.895488262176514,7.257395890378
ser,52f478f3-e291-4746-8710-c96f2af8a6d2,-111.53711700439453,-177.59030151367188,176.92367553710938,5.945518970489502,7.181779116942772
ser,52f478f3-e291-4746-8710-c96f2af8a6d2,-126.67514038085938,160.13514709472656,-178.5493927001953,5.949635982513428,6.902757897684844
ser,52f478f3-e291-4746-8710-c96f2af8a6d2,-146.91966247558594,172.69850158691406,-178.91358947753906,5.869587421417236,6.644065850640271
ser,52f478f3-e291-4746-8710-c96f2af8a6d2,-136.0638427734375,-149.47720336914062,-175.0654296875,5.988715171813965,6.9444377044905865
ser,52f478f3-e291-4746-8710-c96f2af8a6d2,-129.5975799560547,-112.43291473388672,171.64901733398438,5.6201066970825195,6.973146008036763
ser,52f478f3-e291-4746-8710-c96f2af8a6d2,-121.25074005126953,-113.81974792480469,173.20309448242188,5.5782012939453125,6.897288907668095
ser,52f478f3-e291-4746-8710-c96f2af8a6d2,-149.06314086914062,-118.25460815429688,-173.2035369873047,5.936152458190918,7.023638040475733
ser,52f478f3-e291-4746-8710-c96f2af8a6d2,-155.32089233398438,-157.9856414794922,-169.1765594482422,5.967924118041992,7.2278312295842495
ser,52f478f3-e291-4746-8710-c96f2af8a6d2,-149.69090270996094,-134.5628662109375,-177.3525848388672,5.994809627532959,7.336182616532455
ser,52f478f3-e291-4746-8710-c96f2af8a6d2,-136.3047637939453,-141.12237548828125,-179.56460571289062,5.9599080085754395,7.514125570080173
ser,52f478f3-e291-4746-8710-c96f2af8a6d2,-94.07840728759766,-138.53701782226562,175.84658813476562,5.551270961761475,7.66416602886242
ser,52f478f3-e291-4746-8710-c96f2af8a6d2,-149.88941955566406,-153.1723175048828,177.52101135253906,6.107321262359619,7.507491375806735
ser,52f478f3-e291-4746-8710-c96f2af8a6d2,-136.6659698486328,-122.04200744628906,-174.2166290283203,5.824956893920898,7.563490466269748
ser,52f478f3-e291-4746-8710-c96f2af8a6d2,-149.11500549316406,-147.1915283203125,-174.04232788085938,6.1124396324157715,7.4532793333883856
ser,52f478f3-e291-4746-8710-c96f2af8a6d2,-152.15394592285156,-160.69219970703125,-165.68833923339844,5.817099571228027,7.097622762108248
ser,52f478f3-e291-4746-8710-c96f2af8a6d2,-165.93875122070312,-136.85195922851562,-174.99354553222656,5.992790222167969,7.034297883744162
ser,52f478f3-e291-4746-8710-c96f2af8a6d2,-162.17771911621094,-146.04298400878906,175.19834899902344,5.887970447540283,6.882439020579492
ser,52f478f3-e291-4746-8710-c96f2af8a6d2,-120.9494857788086,-156.7895050048828,171.10040283203125,5.720859050750732,7.034874533210726
ser,52f478f3-e291-4746-8710-c96f2af8a6d2,-105.22030639648438,-133.0269775390625,151.1968536376953,5.92356538772583,7.007548862526548
ser,52f478f3-e291-4746-8710-c96f2af8a6d2,-102.91294860839844,-142.36752319335938,168.73159790039062,5.715907096862793,7.144798621952701
ser,52f478f3-e291-4746-8710-c96f2af8a6d2,-90.86030578613281,-137.0700225830078,-168.82891845703125,5.987841606140137,7.097405128304883
ser,52f478f3-e291-4746-8710-c96f2af8a6d2,-79.92222595214844,178.4792022705078,-161.22506713867188,5.98524284362793,7.069015831480444
ser,52f478f3-e291-4746-8710-c96f2af8a6d2,-77.2894058227539,-161.77430725097656,-176.74951171875,5.695810794830322,7.033816305172025
ser,52f478f3-e291-4746-8710-c96f2af8a6d2,-105.44600677490234,-170.2698516845703,-170.19448852539062,6.000765323638916,7.072347507817622
ser,52f478f3-e291-4746-8710-c96f2af8a6d2,-98.81819152832031,-164.3524169921875,-176.10885620117188,5.841989994049072,7.391696933464595
ser,52f478f3-e291-4746-8710-c96f2af8a6d2,-89.94192504882812,-166.18292236328125,170.8232879638672,5.759788513183594,7.305166968015786
ser,52f478f3-e291-4746-8710-c96f2af8a6d2,-93.65896606445312,-148.76748657226562,178.1390838623047,5.8595733642578125,7.237293228392642
ser,52f478f3-e291-4746-8710-c96f2af8a6d2,-130.60733032226562,-165.38180541992188,-170.3472137451172,5.998805522918701,7.226760977004152
ser,52f478f3-e291-4746-8710-c96f2af8a6d2,-133.3590850830078,-138.0375213623047,177.90567016601562,5.884142875671387,7.621000032074676
ser,52f478f3-e291-4746-8710-c96f2af8a6d2,-123.66836547851562,-120.09017944335938,174.64378356933594,5.60113000869751,7.338366863966959
ser,52f478f3-e291-4746-8710-c96f2af8a6d2,-140.22268676757812,-130.95065307617188,163.0667266845703,5.572862148284912,7.150620988511007
ser,52f478f3-e291-4746-8710-c96f2af8a6d2,-111.3619155883789,-125.56016540527344,162.62014770507812,5.799361705780029,7.401537482095066
ser,52f478f3-e291-4746-8710-c96f2af8a6d2,-119.4200439453125,-131.74400329589844,175.66506958007812,5.6996684074401855,7.391208468694705
ser,52f478f3-e291-4746-8710-c96f2af8a6d2,-99.51903533935547,-119.05607604980469,160.61683654785156,5.636457443237305,7.296251813591946
ser,52f478f3-e291-4746-8710-c96f2af8a6d2,-121.77600860595703,-139.6287841796875,-169.7650604248047,5.912428855895996,7.244228342331662
ser,52f478f3-e291-4746-8710-c96f2af8a6d2,-90.95832061767578,-123.15605926513672,-169.93682861328125,5.411281585693359,7.180521212161781
ser,52f478f3-e291-4746-8710-c96f2af8a6d2,-146.70579528808594,-159.40570068359375,-170.0928955078125,5.952952861785889,7.2722735683598225
ser,52f478f3-e291-4746-8710-c96f2af8a6d2,-161.35044860839844,-170.8853759765625,172.393798828125,6.019285202026367,7.561065751233166
ser,52f478f3-e291-4746-8710-c96f2af8a6d2,-152.8961639404297,-129.77496337890625,-177.7690887451172,5.871700763702393,7.704253091644913
ser,52f478f3-e291-4746-8710-c96f2af8a6d2,-143.62347412109375,-176.2450408935547,179.88722229003906,5.913760185241699,7.74601427295916
ser,52f478f3-e291-4746-8710-c96f2af8a6d2,-174.06935119628906,-173.98175048828125,-173.8455352783203,5.961053371429443,7.749899738127045
ser,52f478f3-e291-4746-8710-c96f2af8a6d2,-158.86012268066406,-140.833984375,179.61167907714844,5.872287750244141,7.457947825288372
ser,52f478f3-e291-4746-8710-c96f2af8a6d2,-153.988037109375,-140.6915740966797,168.9841766357422,5.981871128082275,7.599370496370457
ser,52f478f3-e291-4746-8710-c96f2af8a6d2,-156.7698974609375,-173.38734436035156,168.10055541992188,5.809260845184326,7.338775678240128
ser,52f478f3-e291-4746-8710-c96f2af8a6d2,-156.4136199951172,155.223876953125,175.95120239257812,5.754992961883545,7.024809082511294
ser,52f478f3-e291-4746-8710-c96f2af8a6d2,-105.43180847167969,-168.00546264648438,-177.94601440429688,5.993400573730469,7.223467047540193
ser,52f478f3-e291-4746-8710-c96f2af8a6d2,-144.64886474609375,162.32186889648438,-177.9462890625,6.012248992919922,7.121905232599448
ser,52f478f3-e291-4746-8710-c96f2af8a6d2,-133.60208129882812,-176.01031494140625,-176.91839599609375,5.88142204284668,7.108170003015321
ser,52f478f3-e291-4746-8710-c96f2af8a6d2,-146.3371124267578,172.85948181152344,169.1181640625,5.959068775177002,7.165764912858792
ser,52f478f3-e291-4746-8710-c96f2af8a6d2,-149.18605041503906,-166.11285400390625,173.35174560546875,5.910072326660156,7.037476543247218
ser,52f478f3-e291-4746-8710-c96f2af8a6d2,-154.14283752441406,-164.88427734375,-176.6036376953125,6.076879024505615,7.338540884719982
ser,52f478f3-e291-4746-8710-c96f2af8a6d2,-157.68328857421875,173.30772399902344,-161.3815460205078,5.979449272155762,7.217841020963696
ser,52f478f3-e291-4746-8710-c96f2af8a6d2,-138.31854248046875,177.54110717773438,178.37136840820312,5.8070454597473145,7.4323881764483115
ser,52f478f3-e291-4746-8710-c96f2af8a6d2,-141.83067321777344,-170.76956176757812,176.9877471923828,5.997126579284668,7.3492885850148335
ser,52f478f3-e291-4746-8710-c96f2af8a6d2,-83.881103515625,168.88031005859375,178.83058166503906,5.775655746459961,7.374027829706995
ser,52f478f3-e291-4746-8710-c96f2af8a6d2,-97.27238464355469,150.72579956054688,-176.12164306640625,5.679526329040527,7.156817151379602
ser,52f478f3-e291-4746-8710-c96f2af8a6d2,-154.59661865234375,135.9293975830078,-171.71734619140625,5.934589385986328,7.221638135095584
ser,52f478f3-e291-4746-8710-c96f2af8a6d2,-138.08091735839844,134.94049072265625,176.6624298095703,5.775135517120361,7.32377955413953
ser,52f478f3-e291-4746-8710-c96f2af8a6d2,-131.01217651367188,133.42083740234375,167.33932495117188,5.505980968475342,7.3179242984716
ser,52f478f3-e291-4746-8710-c96f2af8a6d2,-113.51107788085938,76.33946990966797,-166.619384765625,4.877725124359131,7.347935399478949
ser,52f478f3-e291-4746-8710-c96f2af8a6d2,-80.02867889404297,77.56709289550781,-172.71885681152344,4.45454740524292,7.2162491375425875
ser,52f478f3-e291-4746-8710-c96f2af8a6d2,-76.46971893310547,76.42720031738281,167.8492431640625,4.4394049644470215,7.35207818482756
ser,52f478f3-e291-4746-8710-c96f2af8a6d2,-104.49198150634766,148.3020477294922,-167.79959106445312,5.704113006591797,7.390872114302612
ser,52f478f3-e291-4746-8710-c96f2af8a6d2,-114.14153289794922,136.25669860839844,-175.6807403564453,5.630148887634277,7.284606421945955
ser,52f478f3-e291-4746-8710-c96f2af8a6d2,-128.4786834716797,130.10523986816406,173.55331420898438,5.57574462890625,7.318943051857565
ser,52f478f3-e291-4746-8710-c96f2af8a6d2,-127.01298522949219,137.0748291015625,165.7124481201172,5.672117233276367,7.294166631593985
ser,52f478f3-e291-4746-8710-c96f2af8a6d2,-115.96166229248047,126.99632263183594,-168.54994201660156,5.255379676818848,7.180827863107382
ser,52f478f3-e291-4746-8710-c96f2af8a6d2,-91.18450164794922,140.7586212158203,-175.01626586914062,5.452399253845215,7.040653767673994
ser,52f478f3-e291-4746-8710-c96f2af8a6d2,-81.66703796386719,144.56036376953125,178.8758544921875,5.618154525756836,7.027622929338137
ser,52f478f3-e291-4746-8710-c96f2af8a6d2,-95.62097930908203,149.78125,-173.1261444091797,5.771981716156006,7.182788419664794
ser,52f478f3-e291-4746-8710-c96f2af8a6d2,-95.87528991699219,156.28982543945312,-169.0513458251953,5.5419769287109375,7.331951126693273
ser,52f478f3-e291-4746-8710-c96f2af8a6d2,-129.9004364013672,148.27459716796875,-176.2174530029297,5.702884197235107,7.399313189383142
ser,52f478f3-e291-4746-8710-c96f2af8a6d2,-93.76466369628906,157.4078826904297,-169.14259338378906,5.571879863739014,7.440367586632985
ser,52f478f3-e291-4746-8710-c96f2af8a6d2,-92.8764877319336,137.0800323486328,169.61392211914062,5.6122822761535645,7.577648552627617
ser,52f478f3-e291-4746-8710-c96f2af8a6d2,-84.78706359863281,164.3066864013672,179.2222137451172,5.841878890991211,7.527065796258322
ser,52f478f3-e291-4746-8710-c96f2af8a6d2,-95.97898864746094,150.30850219726562,-178.8550567626953,5.74261999130249,7.290885124382025
ser,52f478f3-e291-4746-8710-c96f2af8a6d2,-84.7950210571289,134.5567169189453,158.47427368164062,5.466108322143555,7.077571112009606
ser,52f478f3-e291-4746-8710-c96f2af8a6d2,-107.37162780761719,168.4409637451172,177.5118865966797,5.689678192138672,7.3260620276676045
ser,52f478f3-e291-4746-8710-c96f2af8a6d2,-71.04625701904297,157.3281707763672,-177.79603576660156,5.757742881774902,7.4863607952549795
ser,52f478f3-e291-4746-8710-c96f2af8a6d2,-70.78358459472656,146.37062072753906,168.2158203125,5.49749231338501,7.685010248010033
ser,52f478f3-e291-4746-8710-c96f2af8a6d2,-64.75163269042969,148.37123107910156,166.59251403808594,5.582915782928467,7.664247196962911
ser,52f478f3-e291-4746-8710-c96f2af8a6d2,-75.7023696899414,152.18748474121094,162.17608642578125,5.661727428436279,7.539726642229363
ser,52f478f3-e291-4746-8710-c96f2af8a6d2,-93.29183197021484,148.8521270751953,165.50669860839844,5.550942897796631,7.810817126440249
ser,52f478f3-e291-4746-8710-c96f2af8a6d2,-126.00792694091797,143.55615234375,-170.6533660888672,5.609461784362793,7.681087985612999
ser,52f478f3-e291-4746-8710-c96f2af8a6d2,-146.54244995117188,178.59034729003906,-178.00503540039062,6.074697017669678,7.697635460594033
ser,52f478f3-e291-4746-8710-c96f2af8a6d2,-121.49939727783203,177.78176879882812,174.75054931640625,5.782802581787109,7.587213894341294
ser,52f478f3-e291-4746-8710-c96f2af8a6d2,-160.17164611816406,-175.68019104003906,-164.49734497070312,5.908097743988037,7.698710995458041
ser,52f478f3-e291-4746-8710-c96f2af8a6d2,-111.3209457397461,-175.97866821289062,177.17645263671875,5.882812976837158,7.868283417576091
ser,52f478f3-e291-4746-8710-c96f2af8a6d2,-69.96002960205078,164.86558532714844,-167.8032684326172,5.662623882293701,7.565322688710304
ser,52f478f3-e291-4746-8710-c96f2af8a6d2,-77.79682159423828,156.64187622070312,-172.2547607421875,5.482266426086426,7.53251384573822
ser,52f478f3-e291-4746-8710-c96f2af8a6d2,-98.21358489990234,153.04818725585938,-175.0523681640625,5.665558815002441,7.6285227542795
ser,52f478f3-e291-4746-8710-c96f2af8a6d2,-121.68229675292969,-164.53646850585938,-164.01345825195312,6.020955562591553,7.742790257332978
ser,52f478f3-e291-4746-8710-c96f2af8a6d2,-90.19075775146484,176.1369171142578,173.7810516357422,5.847753524780273,7.829212293021995
ser,52f478f3-e291-4746-8710-c96f2af8a6d2,-107.8365249633789,172.8993377685547,-169.98208618164062,5.796107292175293,7.825099515621959
ser,52f478f3-e291-4746-8710-c96f2af8a6d2,-120.18315887451172,-150.27076721191406,172.8929443359375,6.117758750915527,7.79770233201126
ser,52f478f3-e291-4746-8710-c96f2af8a6d2,-115.9620132446289,-118.81761169433594,177.26080322265625,5.573936939239502,7.635662998166859
ser,52f478f3-e291-4746-8710-c96f2af8a6d2,-97.9171142578125,-79.00003051757812,-165.87644958496094,5.261447429656982,7.776077054754432
ser,52f478f3-e291-4746-8710-c96f2af8a6d2,-112.83836364746094,-93.5736083984375,172.9375457763672,5.5898356437683105,7.736174336639979
ser,52f478f3-e291-4746-8710-c96f2af8a6d2,-133.9216766357422,-80.00833892822266,178.39663696289062,5.040255069732666,7.6010958603510055
ser,52f478f3-e291-4746-8710-c96f2af8a6d2,-121.06688690185547,-91.36770629882812,-161.5501708984375,5.510756492614746,7.6390806554333714
ser,52f478f3-e291-4746-8710-c96f2af8a6d2,-145.14385986328125,-140.77365112304688,-168.0648956298828,6.109441757202148,7.668699711549897
ser,52f478f3-e291-4746-8710-c96f2af8a6d2,-112.5247573852539,-173.2903289794922,-179.1925506591797,5.68718147277832,7.818265600867569
ser,52f478f3-e291-4746-8710-c96f2af8a6d2,-87.05103302001953,-178.25697326660156,169.86996459960938,5.690939903259277,7.767463035555042
ser,52f478f3-e291-4746-8710-c96f2af8a6d2,-100.94679260253906,-140.37413024902344,172.56536865234375,5.893857002258301,7.830034409385661
ser,52f478f3-e291-4746-8710-c96f2af8a6d2,-76.18792724609375,-113.84738159179688,-178.189208984375,5.687567234039307,7.919730746917212
ser,52f478f3-e291-4746-8710-c96f2af8a6d2,-72.2470703125,-115.90092468261719,-179.5198516845703,5.533675670623779,7.88496322007726
ser,52f478f3-e291-4746-8710-c96f2af8a6d2,-103.53555297851562,-145.3861083984375,176.9405517578125,5.966361045837402,8.000181929647095
ser,52f478f3-e291-4746-8710-c96f2af8a6d2,-110.27163696289062,-163.6376953125,169.78375244140625,5.9146270751953125,7.788642358084716
ser,52f478f3-e291-4746-8710-c96f2af8a6d2,-107.21862030029297,-142.36305236816406,-179.47669982910156,5.879970073699951,7.690563133190504
ser,52f478f3-e291-4746-8710-c96f2af8a6d2,-94.71756744384766,171.6698760986328,-177.7159881591797,5.938520908355713,7.558141462442077
ser,52f478f3-e291-4746-8710-c96f2af8a6d2,-93.4266586303711,170.33726501464844,-175.051025390625,5.721462726593018,7.22446207780911
ser,52f478f3-e291-4746-8710-c96f2af8a6d2,-78.15015411376953,146.29681396484375,-175.98731994628906,5.520593166351318,7.380855777022195
ser,52f478f3-e291-4746-8710-c96f2af8a6d2,-70.87018585205078,157.7405548095703,179.10206604003906,5.547436714172363,7.601365471001771
ser,52f478f3-e291-4746-8710-c96f2af8a6d2,-89.32344818115234,142.99964904785156,-166.93153381347656,5.532146453857422,7.733682952721889
ser,52f478f3-e291-4746-8710-c96f2af8a6d2,-87.68923950195312,118.32263946533203,-159.16156005859375,5.259486198425293,7.751735142783077
ser,52f478f3-e291-4746-8710-c96f2af8a6d2,-94.81328582763672,126.30706024169922,167.50148010253906,5.595765590667725,7.975083208719367
ser,52f478f3-e291-4746-8710-c96f2af8a6d2,-114.8804702758789,142.5070343017578,-169.6300048828125,5.8058247566223145,7.728629130264505
ser,52f478f3-e291-4746-8710-c96f2af8a6d2,-117.48562622070312,115.8007583618164,-176.32034301757812,5.458349704742432,7.878338563722647
ser,52f478f3-e291-4746-8710-c96f2af8a6d2,-108.3185806274414,106.79634857177734,178.050537109375,5.152374267578125,7.983555839169625
ser,52f478f3-e291-4746-8710-c96f2af8a6d2,-74.63550567626953,106.5296401977539,-175.45266723632812,5.088212966918945,7.961179001489039
ser,52f478f3-e291-4746-8710-c96f2af8a6d2,-80.72911834716797,90.31629943847656,167.27474975585938,4.925627708435059,7.425414135935061
ser,52f478f3-e291-4746-8710-c96f2af8a6d2,-65.69902038574219,79.70915222167969,-178.63011169433594,4.606555938720703,6.9956940203042866
ser,52f478f3-e291-4746-8710-c96f2af8a6d2,-66.11511993408203,100.77790069580078,-174.16433715820312,5.016393661499023,6.860544653429984
ser,52f478f3-e291-4746-8710-c96f2af8a6d2,-69.57967376708984,130.34707641601562,175.97413635253906,5.414640426635742,6.8628768631414205
ser,52f478f3-e291-4746-8710-c96f2af8a6d2,-80.39202880859375,135.4754180908203,-157.38697814941406,5.16899299621582,6.734077998537336
ser,52f478f3-e291-4746-8710-c96f2af8a6d2,-117.7605972290039,153.89547729492188,-170.23460388183594,5.80247163772583,6.753224529176143
ser,52f478f3-e291-4746-8710-c96f2af8a6d2,-129.1537628173828,160.1180877685547,-165.76951599121094,5.96991491317749,7.03450612372664
ser,52f478f3-e291-4746-8710-c96f2af8a6d2,-77.6668930053711,168.51846313476562,-172.7277374267578,5.723030090332031,6.805244280851003
ser,52f478f3-e291-4746-8710-c96f2af8a6d2,-81.82374572753906,145.78350830078125,164.9766845703125,5.667774677276611,6.374314675526477
ser,52f478f3-e291-4746-8710-c96f2af8a6d2,-137.40098571777344,137.2840576171875,171.1148681640625,5.501003265380859,6.259586248067454
ser,52f478f3-e291-4746-8710-c96f2af8a6d2,-136.7089080810547,124.06185913085938,177.4480743408203,5.651314735412598,6.350829920379236
ser,52f478f3-e291-4746-8710-c96f2af8a6d2,-107.62939453125,159.95994567871094,177.79884338378906,5.8624773025512695,6.259700254856381
ser,52f478f3-e291-4746-8710-c96f2af8a6d2,-84.58650970458984,170.3486785888672,171.02667236328125,5.677609920501709,6.070051652337835
ser,52f478f3-e291-4746-8710-c96f2af8a6d2,-100.29354858398438,153.95071411132812,-178.2000274658203,5.795065879821777,6.145743464310611
ser,52f478f3-e291-4746-8710-c96f2af8a6d2,-139.24781799316406,130.9022216796875,-165.5953826904297,5.796387195587158,6.342419159853663
ser,52f478f3-e291-4746-8710-c96f2af8a6d2,-142.08737182617188,145.0765380859375,-171.05213928222656,5.732903003692627,6.373365558059467
ser,52f478f3-e291-4746-8710-c96f2af8a6d2,-145.74835205078125,152.4617462158203,176.4790802001953,5.913335800170898,6.516259437498699
ser,52f478f3-e291-4746-8710-c96f2af8a6d2,-107.80934143066406,114.64227294921875,-177.55308532714844,5.16960334777832,6.317418456460396
ser,52f478f3-e291-4746-8710-c96f2af8a6d2,-95.27615356445312,130.5717315673828,171.71629333496094,5.507518768310547,6.238863274983857
ser,52f478f3-e291-4746-8710-c96f2af8a6d2,-76.34832763671875,141.3260040283203,-171.4010009765625,5.456108570098877,6.051645482707774
ser,52f478f3-e291-4746-8710-c96f2af8a6d2,-75.240966796875,153.9088134765625,179.44187927246094,5.717634677886963,6.0334792565195885
ser,52f478f3-e291-4746-8710-c96f2af8a6d2,-71.36105346679688,150.8260955810547,177.63890075683594,5.703249931335449,5.70102062894783
ser,52f478f3-e291-4746-8710-c96f2af8a6d2,-59.39196014404297,175.89588928222656,-167.19972229003906,5.722523212432861,5.4187019211307526
ser,52f478f3-e291-4746-8710-c96f2af8a6d2,-61.69043731689453,167.35983276367188,-176.7997283935547,5.840707302093506,5.790391599737041
ser,52f478f3-e291-4746-8710-c96f2af8a6d2,-82.76435852050781,136.8223114013672,-174.15447998046875,5.552608013153076,5.600194663552464
ser,52f478f3-e291-4746-8710-c96f2af8a6d2,-128.66360473632812,-170.95819091796875,-172.24620056152344,6.042531967163086,5.841087648106351
ser,52f478f3-e291-4746-8710-c96f2af8a6d2,-122.55474853515625,-164.64825439453125,-160.3638916015625,5.915023326873779,5.531635136730138
ser,52f478f3-e291-4746-8710-c96f2af8a6d2,-136.98056030273438,-169.0667266845703,-161.1361083984375,5.8332695960998535,5.459312985714557
ser,52f478f3-e291-4746-8710-c96f2af8a6d2,-160.8733367919922,-170.71531677246094,-160.63172912597656,6.096915245056152,5.488389785574768
ser,52f478f3-e291-4746-8710-c96f2af8a6d2,-162.31361389160156,178.99700927734375,-159.69613647460938,6.004714488983154,5.596588739028634
ser,52f478f3-e291-4746-8710-c96f2af8a6d2,-177.0713348388672,-164.91973876953125,-179.27313232421875,5.888047218322754,5.801605844168815
ser,52f478f3-e291-4746-8710-c96f2af8a6d2,-148.79486083984375,-140.4987030029297,-171.8133087158203,5.9748616218566895,5.943001191722386
ser,52f478f3-e291-4746-8710-c96f2af8a6d2,-171.94679260253906,-138.36074829101562,-177.43833923339844,5.866634368896484,5.968618636542762
ser,52f478f3-e291-4746-8710-c96f2af8a6d2,-152.6301727294922,-158.14950561523438,179.34609985351562,6.024839878082275,6.076583585384329
ser,52f478f3-e291-4746-8710-c96f2af8a6d2,-165.77310180664062,-147.54202270507812,-174.84300231933594,5.852477550506592,6.0184314991187975
ser,52f478f3-e291-4746-8710-c96f2af8a6d2,-139.202880859375,-167.18797302246094,-173.85206604003906,6.056700229644775,6.0805343550644455
ser,52f478f3-e291-4746-8710-c96f2af8a6d2,-130.0832061767578,179.97117614746094,175.7997283935547,5.884437561035156,5.472206368258501
ser,52f478f3-e291-4746-8710-c96f2af8a6d2,-98.9852294921875,-171.61549377441406,173.2588348388672,5.92494010925293,5.437167129648782
ser,52f478f3-e291-4746-8710-c96f2af8a6d2,-104.36302185058594,-170.958251953125,-176.27655029296875,6.0232062339782715,5.616406989812111
ser,52f478f3-e291-4746-8710-c96f2af8a6d2,-80.98197937011719,-163.58856201171875,-171.86087036132812,5.925114154815674,5.43922554786496
ser,52f478f3-e291-4746-8710-c96f2af8a6d2,-121.38160705566406,-156.4624481201172,175.4801788330078,5.63082218170166,5.380915735299209
ser,52f478f3-e291-4746-8710-c96f2af8a6d2,-79.18965911865234,-142.26683044433594,-174.80609130859375,6.073093891143799,5.726389505729953
